Product URL,Product Name,Product Price,Rating,Number of Reviews,Description,ASIN,Product Description,Manufacturer
https://www.amazon.inhttps://aax-eu.amazon.in/x/c/RHJKfTDtCJ_12oizT9jLiOcAAAGKGMJ5eAMAAAH2AQBvbm9fdHhuX2JpZDEgICBvbm9fdHhuX2ltcDEgICCKV9A4/https://www.amazon.in/stores/page/BCF7AA48-B792-49F6-898D-ADEB25ED5FB6/?_encoding=UTF8&store_ref=SB_A02461542TLCACOY1JF7G&pd_rd_plhdr=t&aaxitk=532b18fd49c2772424529cf6898e459d&hsa_cr_id=6408141620802&lp_asins=B097L4GWB3%2CB07FZN5K3N&lp_query=bags&lp_slot=auto-sparkle-hsa-tetris&ref_=sbx_be_s_sparkle_lsi4d_bkgd&pd_rd_w=lebxO&content-id=amzn1.sym.bc0e77cc-908d-4121-87d3-b355b997dda7%3Aamzn1.sym.bc0e77cc-908d-4121-87d3-b355b997dda7&pf_rd_p=bc0e77cc-908d-4121-87d3-b355b997dda7&pf_rd_r=B4XFT0W6MR48N80N6EHJ&pd_rd_wg=ls1YR&pd_rd_r=2fc8e3a4-f212-4f27-9422-e9c5157ff5db,N/A,"₹2,009.00",N/A,N/A
N/A,N/A,N/A,N/A,Price and other details may vary based on product size and colour.
https://www.amazon.in/Safari-Casual-Backpack-Charging-Resistant/dp/B09B2581S9/ref=sr_1_65?crid=2M096C61O4MLT&keywords=bags&qid=1692632512&sprefix=ba%252Caps%252C283&sr=8-65,N/A,₹959,3.7,"1,053",N/A,N/A,N/A,N/A
https://www.amazon.in/ADISA-Womens-Girls-Party-Crossbody/dp/B0B2WBJ2H8/ref=sr_1_66?crid=2M096C61O4MLT&keywords=bags&qid=1692632512&sprefix=ba%252Caps%252C283&sr=8-66,N/A,₹394,3.9,613,N/A,N/A,N/A,N/A
https://www.amazon.in/NORTH-ZONE-Waterproof-Backpack-Dimensions/dp/B0BS6QM2GD/ref=sr_1_67?crid=2M096C61O4MLT&keywords=bags&qid=1692632512&sprefix=ba%252Caps%252C283&sr=8-67,N/A,₹630,4.0,589,N/A,N/A,N/A,N/A
N/A,N/A,N/A,N/A,N/A
https://www.amazon.in/Tabelito-NEXA-Backpack-Business-Compartment/dp/B0C2D3YR7T/ref=sr_1_68?crid=2M096C61O4MLT&keywords=bags&qid=1692632512&sprefix=ba%252Caps%252C283&sr=8-68,N/A,₹399,4.2,115,N/A,N/A,N/A,N/A
https://www.amazon.in/ROZEN-School-partition-Collage-Backpack/dp/B0BRTDXVZC/ref=sr_1_69?crid=2M096C61O4MLT&keywords=bags&qid=1692632512&sprefix=ba%252Caps%252C283&sr=8-69,N/A,₹697,4.0,199,N/A,N/A,N/A,N/A
https://www.amazon.in/Half-Moon-Backpack-Spacious-Multiple/dp/B0C6N3MYL2/ref=sr_1_70?crid=2M096C61O4MLT&keywords=bags&qid=1692632512&sprefix=ba%252Caps%252C283&sr=8-70,N/A,₹649,3.6,229,N/A,N/A,N/A,N/A
https://www.amazon.in/Nivia-6853-Polyester-Basic-Duffle/dp/B07FWQ9HRV/ref=sr_1_71?crid=2M096C61O4MLT&keywords=bags&qid=1692632512&sprefix=ba%252Caps%252C283&sr=8-71,N/A,₹269,4.0,"3,839",N/A,N/A,N/A,N/A
https://www.amazon.in/Safari-Sheild-Resistant-Casual-Backpack/dp/B09B28M2RN/ref=sr_1_72?crid=2M096C61O4MLT&keywords=bags&qid=1692632512&sprefix=ba%252Caps%252C283&sr=8-72,N/A,₹709,4.0,560,N/A,N/A,N/A,N/A
https://www.amazon.in/ADISA-BP010-Weight-Casual-Backpack/dp/B07MXL986B/ref=sr_1_73?crid=2M096C61O4MLT&keywords=bags&qid=1692632512&sprefix=ba%252Caps%252C283&sr=8-73,N/A,₹499,3.9,"4,122",N/A,N/A,N/A,N/A
N/A,N/A,N/A,N/A,N/A
https://www.amazon.in/Gear-Classic-Casual-Backpack-BKPCAMPS80304/dp/B019FBEJCO/ref=sr_1_74?crid=2M096C61O4MLT&keywords=bags&qid=1692632512&sprefix=ba%252Caps%252C283&sr=8-74,N/A,₹674,4.1,"1,244",N/A,N/A,N/A,N/A
https://www.amazon.in/Fur-Jaden-Camping-Rucksack-Backpack/dp/B07PMWMN19/ref=sr_1_75?crid=2M096C61O4MLT&keywords=bags&qid=1692632512&sprefix=ba%252Caps%252C283&sr=8-75,N/A,₹249,3.6,"7,975",N/A,N/A,N/A,N/A
https://www.amazon.in/HP-Lightweight-200-Green-Backpack/dp/B08CY1XYFL/ref=sr_1_76?crid=2M096C61O4MLT&keywords=bags&qid=1692632512&sprefix=ba%252Caps%252C283&sr=8-76,N/A,"₹1,646",4.3,278,N/A,N/A,N/A,N/A
https://www.amazon.in/Motherly-Diaper-Bags-Travel-Basic/dp/B07PKQ3WJZ/ref=sr_1_77?crid=2M096C61O4MLT&keywords=bags&qid=1692632512&sprefix=ba%252Caps%252C283&sr=8-77,N/A,"₹1,586",4.5,"2,616",N/A,N/A,N/A,N/A
https://www.amazon.in/Genie-Snowflake-School-Backpack-resistant/dp/B084VR37RQ/ref=sr_1_78?crid=2M096C61O4MLT&keywords=bags&qid=1692632512&sprefix=ba%252Caps%252C283&sr=8-78,N/A,"₹1,104",4.3,"1,191",N/A,N/A,N/A,N/A
https://www.amazon.in/Lunars-V-Line-Resistant-Bagpack-College/dp/B08BP5CYDV/ref=sr_1_79?crid=2M096C61O4MLT&keywords=bags&qid=1692632512&sprefix=ba%252Caps%252C283&sr=8-79,N/A,₹735,4.1,"2,683",N/A,N/A,N/A,N/A
https://www.amazon.in/Lunars-Bingo-Laptop-Resistant-48L/dp/B08YZ8FFBZ/ref=sr_1_80?crid=2M096C61O4MLT&keywords=bags&qid=1692632512&sprefix=ba%252Caps%252C283&sr=8-80,N/A,₹819,3.9,"10,094",N/A,N/A,N/A,N/A
https://www.amazon.inhttps://aax-eu.amazon.in/x/c/RCi7a9MODipO_kLrzrex44cAAAGKGMJ5dAMAAAH2AQBvbm9fdHhuX2JpZDMgICBvbm9fdHhuX2ltcDEgICDMvoYK/https://www.amazon.in/dp/B09QL66G55?pd_rd_i=B09QL66G55&pf_rd_p=880c6186-3832-495e-9caa-7ecfb2f5e88c&pf_rd_r=B4XFT0W6MR48N80N6EHJ&pd_rd_wg=bZe7t&pd_rd_w=jzqOU&pd_rd_r=4796cb79-f44c-403b-ad95-198afda4083f,N/A,₹599,4.0,"1,609"
https://www.amazon.in/s/?k=bags+for+girls&ref=sugsr_0&pd_rd_w=WvT1z&content-id=amzn1.sym.f0166a2b-0975-4017-be10-7ecf88afb403:amzn1.sym.f0166a2b-0975-4017-be10-7ecf88afb403&pf_rd_p=f0166a2b-0975-4017-be10-7ecf88afb403&pf_rd_r=B4XFT0W6MR48N80N6EHJ&pd_rd_wg=bZe7t&pd_rd_r=4796cb79-f44c-403b-ad95-198afda4083f&qid=1692632512,N/A,N/A,N/A,"
                                                    bags for girls
                                                ",N/A,N/A,N/A,N/A
N/A,N/A,N/A,N/A,N/A
https://www.amazon.inhttps://aax-eu.amazon.in/x/c/RHYkYZGDUSBpI22fsPGOVs4AAAGKGMJ6ZwMAAAH2AQBvbm9fdHhuX2JpZDIgICBvbm9fdHhuX2ltcDEgICASmg7U/https://www.amazon.in/stores/page/423336D6-E5A2-4A82-94A4-1BFE27DB8491/?_encoding=UTF8&store_ref=SB_A09138173D9TZ2WIMTWBE&pd_rd_plhdr=t&aaxitk=a16b04afae11576bf3b61a16b31e4e4f&hsa_cr_id=0&lp_asins=B07QHLBBPM&lp_query=bags&lp_slot=desktop-hsa-3psl&ref_=sbx_be_s_3psl_mbd_mb0_bkgd&pd_rd_w=ip15d&content-id=amzn1.sym.f1a4d09d-a292-48da-a86f-03294c9a41ef%3Aamzn1.sym.f1a4d09d-a292-48da-a86f-03294c9a41ef&pf_rd_p=f1a4d09d-a292-48da-a86f-03294c9a41ef&pf_rd_r=B4XFT0W6MR48N80N6EHJ&pd_rd_wg=vVcTO&pd_rd_r=ea09dbd4-c3e8-414f-8b2b-f63567d70425,N/A,N/A,N/A,Wide Range Of Backpacks For Women And Girls
https://www.amazon.in/gp/help/customer/display.html?nodeId=201889520,N/A,N/A,N/A, or ,N/A,N/A,N/A,N/A
N/A,N/A,N/A,N/A,N/A
https://www.amazon.inhttps://aax-eu.amazon.in/x/c/RJy70OUimucVzaPi8jxHnnAAAAGKGMKDHQMAAAH2AQBvbm9fdHhuX2JpZDEgICBvbm9fdHhuX2ltcDEgICBIogVK/https://www.amazon.in/stores/page/BCF7AA48-B792-49F6-898D-ADEB25ED5FB6/?_encoding=UTF8&store_ref=SB_A02461542TLCACOY1JF7G&pd_rd_plhdr=t&aaxitk=532b18fd49c2772424529cf6898e459d&hsa_cr_id=6408141620802&lp_asins=B097L4GWB3%2CB07FZN5K3N&lp_query=bags&lp_slot=auto-sparkle-hsa-tetris&ref_=sbx_be_s_sparkle_lsi4d_bkgd&pd_rd_w=BVweW&content-id=amzn1.sym.bc0e77cc-908d-4121-87d3-b355b997dda7%3Aamzn1.sym.bc0e77cc-908d-4121-87d3-b355b997dda7&pf_rd_p=bc0e77cc-908d-4121-87d3-b355b997dda7&pf_rd_r=K5QRW7RTTBN844GQ6CFJ&pd_rd_wg=JXljq&pd_rd_r=4de28ee1-cbb8-4f5f-ad39-43a72811c118,N/A,"₹2,009.00",N/A,N/A
N/A,N/A,N/A,N/A,Price and other details may vary based on product size and colour.
https://www.amazon.in/Bennett-15-6-inch-College-Repellent-Backpack/dp/B09WZKHSDR/ref=sr_1_81?crid=2M096C61O4MLT&keywords=bags&qid=1692632515&sprefix=ba%252Caps%252C283&sr=8-81,N/A,₹512,3.9,710,N/A,N/A,N/A,N/A
https://www.amazon.in/Gear-Classic-Casual-Backpack-BKPCAMPS80304/dp/B019FBEJCO/ref=sr_1_82?crid=2M096C61O4MLT&keywords=bags&qid=1692632515&sprefix=ba%252Caps%252C283&sr=8-82,N/A,₹674,4.1,"1,244",N/A,N/A,N/A,N/A
https://www.amazon.in/BennettTM-Shoulder-Messenger-Repellent-Charcoal/dp/B09CV24TMK/ref=sr_1_83?crid=2M096C61O4MLT&keywords=bags&qid=1692632515&sprefix=ba%252Caps%252C283&sr=8-83,N/A,₹512,4.0,"6,453",N/A,N/A,N/A,N/A
https://www.amazon.inhttps://aax-eu.amazon.in/x/c/RMK8XQnfUTaXDdw8u4-0EBQAAAGKGMKDEgMAAAH2AQBvbm9fdHhuX2JpZDEgICBvbm9fdHhuX2ltcDEgICBTaHZR/https://www.amazon.in/dp/B07SRGGGNC/?_encoding=UTF8&pd_rd_i=B07SRGGGNC&ref_=sbv_search_btf&pd_rd_w=xweSe&content-id=amzn1.sym.69a9d8c7-1563-43e8-bc18-abd50d05a73a%3Aamzn1.sym.69a9d8c7-1563-43e8-bc18-abd50d05a73a&pf_rd_p=69a9d8c7-1563-43e8-bc18-abd50d05a73a&pf_rd_r=K5QRW7RTTBN844GQ6CFJ&pd_rd_wg=65NgD&pd_rd_r=3a529462-4bf1-4bec-8a6d-06ff962d30fc&pd_rd_plhdr=t,N/A,N/A,N/A,N/A
N/A,N/A,N/A,N/A,N/A
https://www.amazon.in/Number-Backpack-Compartment-Charging-Organizer/dp/B09VTCNN75/ref=sr_1_84?crid=2M096C61O4MLT&keywords=bags&qid=1692632515&sprefix=ba%252Caps%252C283&sr=8-84,N/A,₹679,4.0,"5,603",N/A,N/A,N/A,N/A
https://www.amazon.in/Murano-Casual-daybackpack-Office-College/dp/B0BX9FLPNX/ref=sr_1_85?crid=2M096C61O4MLT&keywords=bags&qid=1692632515&sprefix=ba%252Caps%252C283&sr=8-85,N/A,₹269,3.1,71,N/A,N/A,N/A,N/A
https://www.amazon.in/Hilfiger-Joshua-Backpack-TH-JOSHUALAP01/dp/B07N8GRWTZ/ref=sr_1_86?crid=2M096C61O4MLT&keywords=bags&qid=1692632515&sprefix=ba%252Caps%252C283&sr=8-86,N/A,"₹2,559",4.1,572,N/A,N/A,N/A,N/A
https://www.amazon.in/Lenovo-Carrying-15-6-Inch-Toploader-GX40Q17229/dp/B075Y6Y9H5/ref=sr_1_87?crid=2M096C61O4MLT&keywords=bags&qid=1692632515&sprefix=ba%252Caps%252C283&sr=8-87,N/A,₹979,4.2,"20,843",N/A,N/A,N/A,N/A
https://www.amazon.in/Gear-Classic-Leather-Backpack-LBPCLSLTH0519/dp/B07G4JQX2F/ref=sr_1_88?crid=2M096C61O4MLT&keywords=bags&qid=1692632515&sprefix=ba%252Caps%252C283&sr=8-88,N/A,₹979,4.4,"6,587",N/A,N/A,N/A,N/A
https://www.amazon.in/Gear-Vintage2-Leather-Backpack-LBPVG2LTH0201/dp/B07G4D13L7/ref=sr_1_89?crid=2M096C61O4MLT&keywords=bags&qid=1692632515&sprefix=ba%252Caps%252C283&sr=8-89,N/A,₹979,4.4,"4,386",N/A,N/A,N/A,N/A
N/A,N/A,N/A,N/A,N/A
https://www.amazon.in/Genie-Miami-litres-Casual-Backpack/dp/B07SRGGGNC/ref=sr_1_90?crid=2M096C61O4MLT&keywords=bags&qid=1692632515&sprefix=ba%252Caps%252C283&sr=8-90,N/A,₹803,4.2,"1,484",N/A,N/A,N/A,N/A
https://www.amazon.in/ROZEN-partition-Collage-Backpack-SKYBLUE/dp/B0BRTFGG22/ref=sr_1_91?crid=2M096C61O4MLT&keywords=bags&qid=1692632515&sprefix=ba%252Caps%252C283&sr=8-91,N/A,₹697,4.0,199,N/A,N/A,N/A,N/A
https://www.amazon.in/Aristocrat-Ltrs-Black-Rucksack-Duro/dp/B07VB76WL9/ref=sr_1_92?crid=2M096C61O4MLT&keywords=bags&qid=1692632515&sprefix=ba%252Caps%252C283&sr=8-92,N/A,"₹1,500",4.0,343,N/A,N/A,N/A,N/A
https://www.amazon.in/FATMUG-Laptop-Bag-Men-Convertible/dp/B084LFX8ZZ/ref=sr_1_93?crid=2M096C61O4MLT&keywords=bags&qid=1692632515&sprefix=ba%252Caps%252C283&sr=8-93,N/A,"₹1,699",4.4,"2,311",N/A,N/A,N/A,N/A
https://www.amazon.in/Mi-Business-Casual-Resistant-Backpack/dp/B07YY6PTMN/ref=sr_1_94?crid=2M096C61O4MLT&keywords=bags&qid=1692632515&sprefix=ba%252Caps%252C283&sr=8-94,N/A,₹999,4.4,"4,566",N/A,N/A,N/A,N/A
https://www.amazon.in/Lunars-Comet-Resistant-Casual-Backpack/dp/B07WN833M7/ref=sr_1_95?crid=2M096C61O4MLT&keywords=bags&qid=1692632515&sprefix=ba%252Caps%252C283&sr=8-95,N/A,₹778,4.0,"13,643",N/A,N/A,N/A,N/A
https://www.amazon.in/F-Gear-Luxur-Brown-Backpack/dp/B01F7AX9ZA/ref=sr_1_96?crid=2M096C61O4MLT&keywords=bags&qid=1692632515&sprefix=ba%252Caps%252C283&sr=8-96,N/A,₹903,4.4,"17,083",N/A,N/A,N/A,N/A
https://www.amazon.inhttps://aax-eu.amazon.in/x/c/RMnDyZieR4iupCwfP3xz1aAAAAGKGMKDCgMAAAH2AQBvbm9fdHhuX2JpZDEgICBvbm9fdHhuX2ltcDEgICBAZwOY/https://www.amazon.in/dp/B09QL66G55?pd_rd_i=B09QL66G55&pf_rd_p=880c6186-3832-495e-9caa-7ecfb2f5e88c&pf_rd_r=K5QRW7RTTBN844GQ6CFJ&pd_rd_wg=TwB4o&pd_rd_w=Lhe7h&pd_rd_r=5c8e6229-5e17-4e17-bc0b-a99de28edd1d,N/A,₹599,4.0,"1,609"
https://www.amazon.in/s/?k=bags+for+girls&ref=sugsr_0&pd_rd_w=ZKegk&content-id=amzn1.sym.f0166a2b-0975-4017-be10-7ecf88afb403:amzn1.sym.f0166a2b-0975-4017-be10-7ecf88afb403&pf_rd_p=f0166a2b-0975-4017-be10-7ecf88afb403&pf_rd_r=K5QRW7RTTBN844GQ6CFJ&pd_rd_wg=TwB4o&pd_rd_r=5c8e6229-5e17-4e17-bc0b-a99de28edd1d&qid=1692632515,N/A,N/A,N/A,"
                                                    bags for girls
                                                ",N/A,N/A,N/A,N/A
N/A,N/A,N/A,N/A,N/A
https://www.amazon.inhttps://aax-eu.amazon.in/x/c/RPzS16Zad8uTuZvaDpzsDnwAAAGKGMKEGgMAAAH2AQBvbm9fdHhuX2JpZDIgICBvbm9fdHhuX2ltcDEgICA3c5OJ/https://www.amazon.in/stores/page/423336D6-E5A2-4A82-94A4-1BFE27DB8491/?_encoding=UTF8&store_ref=SB_A09138173D9TZ2WIMTWBE&pd_rd_plhdr=t&aaxitk=a16b04afae11576bf3b61a16b31e4e4f&hsa_cr_id=0&lp_asins=B07QHLBBPM&lp_query=bags&lp_slot=desktop-hsa-3psl&ref_=sbx_be_s_3psl_mbd_mb0_bkgd&pd_rd_w=mqozL&content-id=amzn1.sym.f1a4d09d-a292-48da-a86f-03294c9a41ef%3Aamzn1.sym.f1a4d09d-a292-48da-a86f-03294c9a41ef&pf_rd_p=f1a4d09d-a292-48da-a86f-03294c9a41ef&pf_rd_r=K5QRW7RTTBN844GQ6CFJ&pd_rd_wg=WAnq0&pd_rd_r=7a086634-fe63-456f-8b19-939e440cb2ca,N/A,N/A,N/A,Wide Range Of Backpacks For Women And Girls
https://www.amazon.in/gp/help/customer/display.html?nodeId=201889520,N/A,N/A,N/A, or ,N/A,N/A,N/A,N/A
N/A,N/A,N/A,N/A,N/A
https://www.amazon.inhttps://aax-eu.amazon.in/x/c/RB6LggGCUuQD8N-2dO5VIDcAAAGKGMKMTgMAAAH2AQBvbm9fdHhuX2JpZDEgICBvbm9fdHhuX2ltcDEgICA1yNO-/https://www.amazon.in/stores/page/BCF7AA48-B792-49F6-898D-ADEB25ED5FB6/?_encoding=UTF8&store_ref=SB_A02461542TLCACOY1JF7G&pd_rd_plhdr=t&aaxitk=532b18fd49c2772424529cf6898e459d&hsa_cr_id=6408141620802&lp_asins=B097L4GWB3%2CB07FZN5K3N&lp_query=bags&lp_slot=auto-sparkle-hsa-tetris&ref_=sbx_be_s_sparkle_lsi4d_bkgd&pd_rd_w=Z0zDh&content-id=amzn1.sym.bc0e77cc-908d-4121-87d3-b355b997dda7%3Aamzn1.sym.bc0e77cc-908d-4121-87d3-b355b997dda7&pf_rd_p=bc0e77cc-908d-4121-87d3-b355b997dda7&pf_rd_r=FD4ZBKC6QN9X6QAV3SQV&pd_rd_wg=9TJbt&pd_rd_r=70db6e4a-339e-4ed3-ad51-a581b36d0e1d,N/A,"₹2,009.00",N/A,N/A
N/A,N/A,N/A,N/A,Price and other details may vary based on product size and colour.
https://www.amazon.in/Half-Moon-Travelling-Rucksack-Compartment/dp/B09WDGZ32L/ref=sr_1_97?crid=2M096C61O4MLT&keywords=bags&qid=1692632517&sprefix=ba%252Caps%252C283&sr=8-97,N/A,₹979,4.0,578,N/A,N/A,N/A,N/A
https://www.amazon.in/Gear-Executive-Anti-Theft-Backpack-BKPPKREXE0101/dp/B097KCMQKG/ref=sr_1_98?crid=2M096C61O4MLT&keywords=bags&qid=1692632517&sprefix=ba%252Caps%252C283&sr=8-98,N/A,₹744,4.3,446,N/A,N/A,N/A,N/A
https://www.amazon.in/Genie-Heartbeat-compartments-Lightweight-Travelling/dp/B097JJFF6Z/ref=sr_1_99?crid=2M096C61O4MLT&keywords=bags&qid=1692632517&sprefix=ba%252Caps%252C283&sr=8-99,N/A,₹753,4.4,294,N/A,N/A,N/A,N/A
N/A,N/A,N/A,N/A,N/A
https://www.amazon.in/Half-Moon-Trekking-Bags-Compartment/dp/B08PSX1LN9/ref=sr_1_100?crid=2M096C61O4MLT&keywords=bags&qid=1692632517&sprefix=ba%252Caps%252C283&sr=8-100,N/A,"₹1,349",4.1,"1,426",N/A,N/A,N/A,N/A
https://www.amazon.in/Gear-Resitant-Backpack-Daypack-College/dp/B0C3MMX619/ref=sr_1_101?crid=2M096C61O4MLT&keywords=bags&qid=1692632517&sprefix=ba%252Caps%252C283&sr=8-101,N/A,"₹1,199",3.8,4,N/A,N/A,N/A,N/A
https://www.amazon.in/Fur-Jaden-Charging-Waterproof-BM36_BlueZip/dp/B07MXM5M99/ref=sr_1_102?crid=2M096C61O4MLT&keywords=bags&qid=1692632517&sprefix=ba%252Caps%252C283&sr=8-102,N/A,₹479,3.9,"10,361",N/A,N/A,N/A,N/A
https://www.amazon.in/HARISSONS-15-6-inch-Backpack-Organizers-Detachable/dp/B07M5P5LW3/ref=sr_1_103?crid=2M096C61O4MLT&keywords=bags&qid=1692632517&sprefix=ba%252Caps%252C283&sr=8-103,N/A,"₹2,960",4.4,"2,015",N/A,N/A,N/A,N/A
https://www.amazon.in/Cosmus-Casual-Backpack-Charger-College/dp/B09HX54TGF/ref=sr_1_104?crid=2M096C61O4MLT&keywords=bags&qid=1692632517&sprefix=ba%252Caps%252C283&sr=8-104,N/A,"₹1,409",4.2,"1,422",N/A,N/A,N/A,N/A
https://www.amazon.in/Gear-Workspace-Briefcase-Black-Red-BKPWRPHYD0101/dp/B097KGL2M5/ref=sr_1_105?crid=2M096C61O4MLT&keywords=bags&qid=1692632517&sprefix=ba%252Caps%252C283&sr=8-105,N/A,₹907,4.2,345,N/A,N/A,N/A,N/A
N/A,N/A,N/A,N/A,N/A
https://www.amazon.in/American-Tourister-AMT-SCH-BAG02/dp/B07CGN5QV2/ref=sr_1_106?crid=2M096C61O4MLT&keywords=bags&qid=1692632517&sprefix=ba%252Caps%252C283&sr=8-106,N/A,"₹1,249",4.1,"3,049",N/A,N/A,N/A,N/A
https://www.amazon.in/Lavie-Beech-Womens-Satchel-Handbag/dp/B096KTWTXC/ref=sr_1_107?crid=2M096C61O4MLT&keywords=bags&qid=1692632517&sprefix=ba%252Caps%252C283&sr=8-107,N/A,"₹1,518",4.2,"2,328",N/A,N/A,N/A,N/A
https://www.amazon.in/Delrin-Backpack-Motorcycle-Waterproof-Programmable/dp/B0CBSGG3LX/ref=sr_1_108?crid=2M096C61O4MLT&keywords=bags&qid=1692632517&sprefix=ba%252Caps%252C283&sr=8-108,N/A,"₹19,999",N/A,M.R.P: ,N/A,N/A,N/A,N/A
https://www.amazon.in/House-Quirk-Maternity-Backpack-Elephant/dp/B07QV7SH4S/ref=sr_1_109?crid=2M096C61O4MLT&keywords=bags&qid=1692632517&sprefix=ba%252Caps%252C283&sr=8-109,N/A,"₹1,448",4.2,"3,938",N/A,N/A,N/A,N/A
https://www.amazon.in/Gear-Universe-Resistant-Backpack-Daypack/dp/B0BZWLBDV3/ref=sr_1_110?crid=2M096C61O4MLT&keywords=bags&qid=1692632517&sprefix=ba%252Caps%252C283&sr=8-110,N/A,"₹1,095",3.7,31,N/A,N/A,N/A,N/A
https://www.amazon.in/F-Gear-String-Polyester-33-cms-Black-Drawstring-Gym-Bag/dp/B07PC28YQ9/ref=sr_1_111?crid=2M096C61O4MLT&keywords=bags&qid=1692632517&sprefix=ba%252Caps%252C283&sr=8-111,N/A,₹190,4.0,591,N/A,N/A,N/A,N/A
https://www.amazon.in/Gear-Training-Travel-Duffel-DUFCRSTNG4314/dp/B098FG3GVX/ref=sr_1_112?crid=2M096C61O4MLT&keywords=bags&qid=1692632517&sprefix=ba%252Caps%252C283&sr=8-112,N/A,₹478,4.1,561,N/A,N/A,N/A,N/A
https://www.amazon.inhttps://aax-eu.amazon.in/x/c/RBfbsfbU0wVoevt-uSPlXQoAAAGKGMKMOwMAAAH2AQBvbm9fdHhuX2JpZDMgICBvbm9fdHhuX2ltcDEgICAtamib/https://www.amazon.in/dp/B09QL66G55?pd_rd_i=B09QL66G55&pf_rd_p=880c6186-3832-495e-9caa-7ecfb2f5e88c&pf_rd_r=FD4ZBKC6QN9X6QAV3SQV&pd_rd_wg=spZZO&pd_rd_w=Nq1SL&pd_rd_r=f8135339-cd77-4940-9044-f5475de67528,N/A,₹599,4.0,"1,609"
https://www.amazon.in/s/?k=bags+for+girls&ref=sugsr_0&pd_rd_w=bvOQw&content-id=amzn1.sym.f0166a2b-0975-4017-be10-7ecf88afb403:amzn1.sym.f0166a2b-0975-4017-be10-7ecf88afb403&pf_rd_p=f0166a2b-0975-4017-be10-7ecf88afb403&pf_rd_r=FD4ZBKC6QN9X6QAV3SQV&pd_rd_wg=spZZO&pd_rd_r=f8135339-cd77-4940-9044-f5475de67528&qid=1692632517,N/A,N/A,N/A,"
                                                    bags for girls
                                                ",N/A,N/A,N/A,N/A
N/A,N/A,N/A,N/A,N/A
https://www.amazon.inhttps://aax-eu.amazon.in/x/c/RG7o4tkqmGxcmHqNF-AmK3sAAAGKGMKNaAMAAAH2AQBvbm9fdHhuX2JpZDIgICBvbm9fdHhuX2ltcDEgICA4T6y0/https://www.amazon.in/stores/page/423336D6-E5A2-4A82-94A4-1BFE27DB8491/?_encoding=UTF8&store_ref=SB_A09138173D9TZ2WIMTWBE&pd_rd_plhdr=t&aaxitk=a16b04afae11576bf3b61a16b31e4e4f&hsa_cr_id=0&lp_asins=B07QHLBBPM&lp_query=bags&lp_slot=desktop-hsa-3psl&ref_=sbx_be_s_3psl_mbd_mb0_bkgd&pd_rd_w=HAwdv&content-id=amzn1.sym.f1a4d09d-a292-48da-a86f-03294c9a41ef%3Aamzn1.sym.f1a4d09d-a292-48da-a86f-03294c9a41ef&pf_rd_p=f1a4d09d-a292-48da-a86f-03294c9a41ef&pf_rd_r=FD4ZBKC6QN9X6QAV3SQV&pd_rd_wg=8OKIp&pd_rd_r=73612bb2-a761-487c-89cf-3ca859367de5,N/A,N/A,N/A,Wide Range Of Backpacks For Women And Girls
https://www.amazon.in/gp/help/customer/display.html?nodeId=201889520,N/A,N/A,N/A, or ,N/A,N/A,N/A,N/A
N/A,N/A,N/A,N/A,N/A
https://www.amazon.inhttps://aax-eu.amazon.in/x/c/RPsn2MyZ_rAMp-MvYUs51iQAAAGKGMKheQMAAAH2AQBvbm9fdHhuX2JpZDIgICBvbm9fdHhuX2ltcDEgICCrYsMO/https://www.amazon.in/stores/page/BCF7AA48-B792-49F6-898D-ADEB25ED5FB6/?_encoding=UTF8&store_ref=SB_A02461542TLCACOY1JF7G&pd_rd_plhdr=t&aaxitk=532b18fd49c2772424529cf6898e459d&hsa_cr_id=6408141620802&lp_asins=B097L4GWB3%2CB07FZN5K3N&lp_query=bags&lp_slot=auto-sparkle-hsa-tetris&ref_=sbx_be_s_sparkle_lsi4d_bkgd&pd_rd_w=z1h6L&content-id=amzn1.sym.bc0e77cc-908d-4121-87d3-b355b997dda7%3Aamzn1.sym.bc0e77cc-908d-4121-87d3-b355b997dda7&pf_rd_p=bc0e77cc-908d-4121-87d3-b355b997dda7&pf_rd_r=D52S7DXNMZNXPK10MVC1&pd_rd_wg=OwfhK&pd_rd_r=24e7ebcd-d776-43d3-98be-772022c987ad,N/A,"₹2,009.00",N/A,N/A
N/A,N/A,N/A,N/A,Price and other details may vary based on product size and colour.
https://www.amazon.in/Genie-Flamenco2-Backpack-Compatible-Resistant/dp/B08YF1XJXY/ref=sr_1_177?crid=2M096C61O4MLT&keywords=bags&qid=1692632523&sprefix=ba%252Caps%252C283&sr=8-177,N/A,₹803,4.4,"1,151",N/A,N/A,N/A,N/A
https://www.amazon.in/Genie-Sunshine-Green-Latest-Collection/dp/B08912T17F/ref=sr_1_178?crid=2M096C61O4MLT&keywords=bags&qid=1692632523&sprefix=ba%252Caps%252C283&sr=8-178,N/A,"₹1,409",4.2,152,N/A,N/A,N/A,N/A
https://www.amazon.in/AirCase-C34-Laptop-Backpack-Women/dp/B07QN4KXWG/ref=sr_1_179?crid=2M096C61O4MLT&keywords=bags&qid=1692632523&sprefix=ba%252Caps%252C283&sr=8-179,N/A,₹929,3.8,885,N/A,N/A,N/A,N/A
https://www.amazon.inhttps://aax-eu.amazon.in/x/c/RM2XCrRBA_IsQygZ8OdHsh4AAAGKGMKhbQMAAAH2AQBvbm9fdHhuX2JpZDIgICBvbm9fdHhuX2ltcDEgICDYUhT-/https://www.amazon.in/dp/B09QL66G55/?_encoding=UTF8&pd_rd_i=B09QL66G55&ref_=sbv_search_btf&pd_rd_w=uXH7Z&content-id=amzn1.sym.69a9d8c7-1563-43e8-bc18-abd50d05a73a%3Aamzn1.sym.69a9d8c7-1563-43e8-bc18-abd50d05a73a&pf_rd_p=69a9d8c7-1563-43e8-bc18-abd50d05a73a&pf_rd_r=D52S7DXNMZNXPK10MVC1&pd_rd_wg=bD4nO&pd_rd_r=bac2e7cc-8d77-4278-a71d-8c169af8ebb4&pd_rd_plhdr=t,N/A,N/A,N/A,N/A
N/A,N/A,N/A,N/A,N/A
https://www.amazon.in/Kuber-Industries-Toiletry-Compartment-KUBMART11928/dp/B08Q91ZY29/ref=sr_1_180?crid=2M096C61O4MLT&keywords=bags&qid=1692632523&sprefix=ba%252Caps%252C283&sr=8-180,N/A,₹198,4.0,498,N/A,N/A,N/A,N/A
https://www.amazon.in/Gear-DOUBLE-DECKER-Resistant-Backpack/dp/B0BTJ3WTMV/ref=sr_1_181?crid=2M096C61O4MLT&keywords=bags&qid=1692632523&sprefix=ba%252Caps%252C283&sr=8-181,N/A,"₹1,399",4.0,30,N/A,N/A,N/A,N/A
https://www.amazon.in/F-Gear-Talent-Laptop-Backpack-Grey/dp/B078KS2FX1/ref=sr_1_182?crid=2M096C61O4MLT&keywords=bags&qid=1692632523&sprefix=ba%252Caps%252C283&sr=8-182,N/A,"₹1,329",4.4,"1,153",N/A,N/A,N/A,N/A
https://www.amazon.in/Harissons-Office-Laptop-Backpacks-Women/dp/B09D3YYYNG/ref=sr_1_183?crid=2M096C61O4MLT&keywords=bags&qid=1692632523&sprefix=ba%252Caps%252C283&sr=8-183,N/A,"₹1,504",4.1,273,N/A,N/A,N/A,N/A
https://www.amazon.in/HYDER-Gamepad-Waterproof-Backpack-Everyday/dp/B0BR3KK8TR/ref=sr_1_184?crid=2M096C61O4MLT&keywords=bags&qid=1692632523&sprefix=ba%252Caps%252C283&sr=8-184,N/A,₹729,4.2,162,N/A,N/A,N/A,N/A
https://www.amazon.in/Lenovo-Professional-Backpack-Water-resistant-Uncompromised/dp/B08R7S55H4/ref=sr_1_185?crid=2M096C61O4MLT&keywords=bags&qid=1692632523&sprefix=ba%252Caps%252C283&sr=8-185,N/A,"₹1,337",4.2,991,N/A,N/A,N/A,N/A
N/A,N/A,N/A,N/A,N/A
https://www.amazon.in/Frantic-Velvet-School-Nursery-Travelling/dp/B09176PYDR/ref=sr_1_186?crid=2M096C61O4MLT&keywords=bags&qid=1692632523&sprefix=ba%252Caps%252C283&sr=8-186,N/A,₹299,3.8,"2,124",N/A,N/A,N/A,N/A
https://www.amazon.in/Shoulder-Lightweight-Duffle-Weekend-Blue-Orange/dp/B09139DYF1/ref=sr_1_187?crid=2M096C61O4MLT&keywords=bags&qid=1692632523&sprefix=ba%252Caps%252C283&sr=8-187,N/A,₹349,4.0,"1,098",N/A,N/A,N/A,N/A
https://www.amazon.in/Trunkit-Waterproof-Travelling-Trekking-Backpack/dp/B08GZB73RZ/ref=sr_1_188?crid=2M096C61O4MLT&keywords=bags&qid=1692632523&sprefix=ba%252Caps%252C283&sr=8-188,N/A,₹559,4.0,"1,035",N/A,N/A,N/A,N/A
https://www.amazon.in/TRUE-HUMAN-Anti-Theft-charging-combination/dp/B09H7PK5ML/ref=sr_1_189?crid=2M096C61O4MLT&keywords=bags&qid=1692632523&sprefix=ba%252Caps%252C283&sr=8-189,N/A,₹649,3.8,"1,908",N/A,N/A,N/A,N/A
https://www.amazon.in/Crossbody-Adjustable-Durable-Water-Resistant-Travel-Friendly/dp/B0C3RFCH37/ref=sr_1_190?crid=2M096C61O4MLT&keywords=bags&qid=1692632523&sprefix=ba%252Caps%252C283&sr=8-190,N/A,₹349,4.5,"1,012",N/A,N/A,N/A,N/A
https://www.amazon.in/WildHorn-Leather-39-37-Messenger-WHBB101/dp/B01H8U62VU/ref=sr_1_191?crid=2M096C61O4MLT&keywords=bags&qid=1692632523&sprefix=ba%252Caps%252C283&sr=8-191,N/A,"₹2,389",3.9,278,N/A,N/A,N/A,N/A
https://www.amazon.in/House-Quirk-Flamingo-Portable-Different/dp/B09WJ1N2F2/ref=sr_1_192?crid=2M096C61O4MLT&keywords=bags&qid=1692632523&sprefix=ba%252Caps%252C283&sr=8-192,N/A,₹389,4.1,84,N/A,N/A,N/A,N/A
https://www.amazon.inhttps://aax-eu.amazon.in/x/c/RMnwvB66eMpljHGUX3FyfYoAAAGKGMKhcQMAAAH2AQBvbm9fdHhuX2JpZDIgICBvbm9fdHhuX2ltcDEgICCyRdoR/https://www.amazon.in/dp/B09QL66G55?pd_rd_i=B09QL66G55&pf_rd_p=880c6186-3832-495e-9caa-7ecfb2f5e88c&pf_rd_r=D52S7DXNMZNXPK10MVC1&pd_rd_wg=RGNmD&pd_rd_w=uBLvN&pd_rd_r=db8492b5-5350-4601-96e4-37242d6ecc49,N/A,₹599,4.0,"1,609"
https://www.amazon.in/s/?k=bags+for+girls&ref=sugsr_0&pd_rd_w=V8oih&content-id=amzn1.sym.f0166a2b-0975-4017-be10-7ecf88afb403:amzn1.sym.f0166a2b-0975-4017-be10-7ecf88afb403&pf_rd_p=f0166a2b-0975-4017-be10-7ecf88afb403&pf_rd_r=D52S7DXNMZNXPK10MVC1&pd_rd_wg=RGNmD&pd_rd_r=db8492b5-5350-4601-96e4-37242d6ecc49&qid=1692632523,N/A,N/A,N/A,"
                                                    bags for girls
                                                ",N/A,N/A,N/A,N/A
N/A,N/A,N/A,N/A,N/A
https://www.amazon.inhttps://aax-eu.amazon.in/x/c/RLnVmjE-sjXy6ST6mOb-JC0AAAGKGMKiVQMAAAH2AQBvbm9fdHhuX2JpZDMgICBvbm9fdHhuX2ltcDEgICBJzUvq/https://www.amazon.in/stores/page/423336D6-E5A2-4A82-94A4-1BFE27DB8491/?_encoding=UTF8&store_ref=SB_A09138173D9TZ2WIMTWBE&pd_rd_plhdr=t&aaxitk=a16b04afae11576bf3b61a16b31e4e4f&hsa_cr_id=0&lp_asins=B07QHLBBPM&lp_query=bags&lp_slot=desktop-hsa-3psl&ref_=sbx_be_s_3psl_mbd_mb0_bkgd&pd_rd_w=xnTf6&content-id=amzn1.sym.f1a4d09d-a292-48da-a86f-03294c9a41ef%3Aamzn1.sym.f1a4d09d-a292-48da-a86f-03294c9a41ef&pf_rd_p=f1a4d09d-a292-48da-a86f-03294c9a41ef&pf_rd_r=D52S7DXNMZNXPK10MVC1&pd_rd_wg=RYxCl&pd_rd_r=6041cd89-3f11-4064-8498-a5bc66f206ae,N/A,N/A,N/A,Wide Range Of Backpacks For Women And Girls
https://www.amazon.in/gp/help/customer/display.html?nodeId=201889520,N/A,N/A,N/A, or ,N/A,N/A,N/A,N/A
N/A,N/A,N/A,N/A,N/A
https://www.amazon.inhttps://aax-eu.amazon.in/x/c/RKJDI2DB_4_k4c1y-d5NF4wAAAGKGNDl8gMAAAH2AQBvbm9fdHhuX2JpZDMgICBvbm9fdHhuX2ltcDEgICCKlL_R/https://www.amazon.in/stores/page/BCF7AA48-B792-49F6-898D-ADEB25ED5FB6/?_encoding=UTF8&store_ref=SB_A02461542TLCACOY1JF7G&pd_rd_plhdr=t&aaxitk=532b18fd49c2772424529cf6898e459d&hsa_cr_id=6408141620802&lp_asins=B097L4GWB3%2CB07FZN5K3N&lp_query=bags&lp_slot=auto-sparkle-hsa-tetris&ref_=sbx_be_s_sparkle_lsi4d_bkgd&pd_rd_w=RFTRa&content-id=amzn1.sym.bc0e77cc-908d-4121-87d3-b355b997dda7%3Aamzn1.sym.bc0e77cc-908d-4121-87d3-b355b997dda7&pf_rd_p=bc0e77cc-908d-4121-87d3-b355b997dda7&pf_rd_r=G8PBT2MMHHWSFD9G1ZZ8&pd_rd_wg=5p0on&pd_rd_r=3ae44487-62c9-4334-9b0b-5bf6cdd74164,N/A,"₹2,009.00",N/A,N/A
N/A,N/A,N/A,N/A,Price and other details may vary based on product size and colour.
https://www.amazon.in/ASUS-Backpack-Cross-Dyed-Material-Suitable/dp/B09Q68446F/ref=sr_1_145?crid=2M096C61O4MLT&keywords=bags&qid=1692633458&sprefix=ba%252Caps%252C283&sr=8-145,N/A,"₹1,237",4.4,60,"Amazon.in: Buy ASUS BP4600 Laptop Backpack (Grey), with Cross-dyed Woven Fabric Material, Suitable for up to 40.64 cm (16-inch) Laptop online at low price in India on Amazon.in. Check out ASUS BP4600 Laptop Backpack (Grey), with Cross-dyed Woven Fabric Material, Suitable for up to 40.64 cm (16-inch) Laptop reviews, ratings, features, specifications and more at Amazon.in",N/A,N/A,N/A
https://www.amazon.in/Sfane-Women-Trendy-Black-Duffel/dp/B07GCR84D9/ref=sr_1_146?crid=2M096C61O4MLT&keywords=bags&qid=1692633458&sprefix=ba%252Caps%252C283&sr=8-146,N/A,₹327,4.2,"1,266",N/A,N/A,N/A,N/A
https://www.amazon.in/Tabelito-NEO-Backpack-Business-Compartment/dp/B0C2D24G29/ref=sr_1_147?crid=2M096C61O4MLT&keywords=bags&qid=1692633458&sprefix=ba%252Caps%252C283&sr=8-147,N/A,₹399,4.0,190,N/A,N/A,N/A,N/A
N/A,N/A,N/A,N/A,N/A
https://www.amazon.in/NORTH-ZONE-Lightweight-Backpacks-Stylish/dp/B0BL3S5NC1/ref=sr_1_148?crid=2M096C61O4MLT&keywords=bags&qid=1692633458&sprefix=ba%252Caps%252C283&sr=8-148,N/A,₹630,4.0,929,N/A,N/A,N/A,N/A
https://www.amazon.in/BEAUTY-GIRLS-HOTSHOT-School-1565/dp/B0BFXCHQZ5/ref=sr_1_149?crid=2M096C61O4MLT&keywords=bags&qid=1692633458&sprefix=ba%252Caps%252C283&sr=8-149,N/A,₹549,3.7,298,N/A,N/A,N/A,N/A
https://www.amazon.in/HAMMONDS-FLYCATCHER-Laptop-Bag-Men/dp/B083M1QK32/ref=sr_1_150?crid=2M096C61O4MLT&keywords=bags&qid=1692633458&sprefix=ba%252Caps%252C283&sr=8-150,N/A,"₹5,255",4.4,578,N/A,N/A,N/A,N/A
https://www.amazon.in/Lino-Perros-Womens-Floral-Peach/dp/B0B57B7KV7/ref=sr_1_151?crid=2M096C61O4MLT&keywords=bags&qid=1692633458&sprefix=ba%252Caps%252C283&sr=8-151,N/A,"₹1,168",4.1,"3,496",N/A,N/A,N/A,N/A
https://www.amazon.in/ZOUK-Handmade-Leather-Womens-handles/dp/B09QRBF32J/ref=sr_1_152?crid=2M096C61O4MLT&keywords=bags&qid=1692633458&sprefix=ba%252Caps%252C283&sr=8-152,N/A,"₹1,699",4.0,76,N/A,N/A,N/A,N/A
https://www.amazon.in/Half-Moon-Trekking-Bags-Compartment/dp/B08PSX1LN9/ref=sr_1_153?crid=2M096C61O4MLT&keywords=bags&qid=1692633458&sprefix=ba%252Caps%252C283&sr=8-153,N/A,"₹1,349",4.1,"1,426",N/A,N/A,N/A,N/A
N/A,N/A,N/A,N/A,N/A
https://www.amazon.in/Dyazo-Backpack-Business-Notebook-computer/dp/B0C7HC675G/ref=sr_1_154?crid=2M096C61O4MLT&keywords=bags&qid=1692633458&sprefix=ba%252Caps%252C283&sr=8-154,N/A,₹599,4.5,8,N/A,N/A,N/A,N/A
https://www.amazon.in/AirCase-C30-Messenger-Compartments-Multi-Pockets/dp/B07V47HHRG/ref=sr_1_155?crid=2M096C61O4MLT&keywords=bags&qid=1692633458&sprefix=ba%252Caps%252C283&sr=8-155,N/A,"₹1,499",3.5,750,N/A,N/A,N/A,N/A
https://www.amazon.in/Aristocrat-Plastic-Rotation-Luggage-Suitcase/dp/B0BRN2Z9CG/ref=sr_1_156?crid=2M096C61O4MLT&keywords=bags&qid=1692633458&sprefix=ba%252Caps%252C283&sr=8-156,N/A,"₹3,119",3.8,20,N/A,N/A,N/A,N/A
https://www.amazon.in/STRAUSS-Jute-Yoga-Shoulder-Strap/dp/B0BBWM221J/ref=sr_1_157?crid=2M096C61O4MLT&keywords=bags&qid=1692633458&sprefix=ba%252Caps%252C283&sr=8-157,N/A,₹219,3.6,760,N/A,N/A,N/A,N/A
https://www.amazon.in/American-Tourister-40X-01-009/dp/B00FRCNSZ0/ref=sr_1_158?crid=2M096C61O4MLT&keywords=bags&qid=1692633458&sprefix=ba%252Caps%252C283&sr=8-158,N/A,"₹2,099",4.3,"2,738",N/A,N/A,N/A,N/A
https://www.amazon.in/Arctic-Fox-Backpack-Charging-Laptop/dp/B089QC43BB/ref=sr_1_159?crid=2M096C61O4MLT&keywords=bags&qid=1692633458&sprefix=ba%252Caps%252C283&sr=8-159,N/A,"₹1,439",4.5,"4,221",N/A,N/A,N/A,N/A
https://www.amazon.in/gp/bestsellers/baby/1953357031/ref=sr_bs_15_1953357031_1,N/A,₹309,4.4,399,Amazon.in Bestsellers: The most popular items in Diaper Pail & Refill Bags,N/A,N/A,N/A
https://www.amazon.inhttps://aax-eu.amazon.in/x/c/RKUjmU6Lvr1r5k7QnAh81uMAAAGKGNDl7gMAAAH2AQBvbm9fdHhuX2JpZDIgICBvbm9fdHhuX2ltcDEgICAHQ_AO/https://www.amazon.in/dp/B09QL66G55?pd_rd_i=B09QL66G55&pf_rd_p=880c6186-3832-495e-9caa-7ecfb2f5e88c&pf_rd_r=G8PBT2MMHHWSFD9G1ZZ8&pd_rd_wg=QHdty&pd_rd_w=HGbzW&pd_rd_r=317d9c1f-fb61-46c7-9f69-6795712762e6,N/A,₹599,4.0,"1,609"
https://www.amazon.in/s/?k=bags+for+girls&ref=sugsr_0&pd_rd_w=VuFzq&content-id=amzn1.sym.f0166a2b-0975-4017-be10-7ecf88afb403:amzn1.sym.f0166a2b-0975-4017-be10-7ecf88afb403&pf_rd_p=f0166a2b-0975-4017-be10-7ecf88afb403&pf_rd_r=G8PBT2MMHHWSFD9G1ZZ8&pd_rd_wg=QHdty&pd_rd_r=317d9c1f-fb61-46c7-9f69-6795712762e6&qid=1692633458,N/A,N/A,N/A,"
                                                    bags for girls
                                                ",N/A,N/A,N/A,N/A
N/A,N/A,N/A,N/A,N/A
https://www.amazon.inhttps://aax-eu.amazon.in/x/c/REZdCS0uLSxdEG0hMm8xGGwAAAGKGNDmvQMAAAH2AQBvbm9fdHhuX2JpZDEgICBvbm9fdHhuX2ltcDEgICAz8nkL/https://www.amazon.in/stores/page/423336D6-E5A2-4A82-94A4-1BFE27DB8491/?_encoding=UTF8&store_ref=SB_A09138173D9TZ2WIMTWBE&pd_rd_plhdr=t&aaxitk=a16b04afae11576bf3b61a16b31e4e4f&hsa_cr_id=0&lp_asins=B07QHLBBPM&lp_query=bags&lp_slot=desktop-hsa-3psl&ref_=sbx_be_s_3psl_mbd_mb0_bkgd&pd_rd_w=0LPjM&content-id=amzn1.sym.f1a4d09d-a292-48da-a86f-03294c9a41ef%3Aamzn1.sym.f1a4d09d-a292-48da-a86f-03294c9a41ef&pf_rd_p=f1a4d09d-a292-48da-a86f-03294c9a41ef&pf_rd_r=G8PBT2MMHHWSFD9G1ZZ8&pd_rd_wg=IFZJ6&pd_rd_r=5b83c7e3-55d9-4ae3-a007-eb39d74d939d,N/A,N/A,N/A,Wide Range Of Backpacks For Women And Girls
https://www.amazon.in/gp/help/customer/display.html?nodeId=201889520,N/A,N/A,N/A, or ,N/A,N/A,N/A,N/A
N/A,N/A,N/A,N/A,N/A
